source,date,a,b,pass_a,pass_b,size,median,min,max
"0000-0002-7093-7320|50.6,-4.73|none|CLEAR|VISUAL",2026-08-22,8,9,"8|0000-0002-7093-7320|50.6,-4.73|none|CLEAR|VISUAL|0","9|0000-0002-7093-7320|50.6,-4.73|none|CLEAR|VISUAL|0",5,-0.9215126724704055,-1.284253596989605,-0.22933258399116285
"0000-0002-7093-7320|50.6,-4.73|none|CLEAR|VISUAL",2026-08-22,8,10,"8|0000-0002-7093-7320|50.6,-4.73|none|CLEAR|VISUAL|0","10|0000-0002-7093-7320|50.6,-4.73|none|CLEAR|VISUAL|0",7,-0.007623548127723367,-0.31465360892951777,0.2671938660639737
"0000-0002-7093-7320|50.6,-4.73|none|CLEAR|VISUAL",2026-08-22,9,10,"9|0000-0002-7093-7320|50.6,-4.73|none|CLEAR|VISUAL|0","10|0000-0002-7093-7320|50.6,-4.73|none|CLEAR|VISUAL|0",3,0.6373810225781603,0.40950920723914846,0.7474729630085912
"0000-0002-7093-7320|50.6,-4.73|none|CLEAR|VISUAL",2026-08-23,8,9,"8|0000-0002-7093-7320|50.6,-4.73|none|CLEAR|VISUAL|1","9|0000-0002-7093-7320|50.6,-4.73|none|CLEAR|VISUAL|1",6,-0.2890525636375313,-0.8429991678176778,0.2566085534729252
"0000-0002-7093-7320|50.6,-4.73|none|CLEAR|VISUAL",2026-08-23,8,10,"8|0000-0002-7093-7320|50.6,-4.73|none|CLEAR|VISUAL|1","10|0000-0002-7093-7320|50.6,-4.73|none|CLEAR|VISUAL|1",9,-0.06743013197659353,-0.5996695709109101,0.7381646403473483
"0000-0002-7093-7320|50.6,-4.73|none|CLEAR|VISUAL",2026-08-23,9,10,"9|0000-0002-7093-7320|50.6,-4.73|none|CLEAR|VISUAL|1","10|0000-0002-7093-7320|50.6,-4.73|none|CLEAR|VISUAL|1",5,0.01926784966054984,-0.32403868544951875,0.21654764704826102
"0000-0002-7093-7320|50.6,-4.73|none|CLEAR|VISUAL",2026-08-24,8,9,"8|0000-0002-7093-7320|50.6,-4.73|none|CLEAR|VISUAL|2","9|0000-0002-7093-7320|50.6,-4.73|none|CLEAR|VISUAL|2",5,-0.3015179045835845,-0.7960482747792403,-0.11513982386641519
"0000-0002-7093-7320|50.6,-4.73|none|CLEAR|VISUAL",2026-08-24,8,10,"8|0000-0002-7093-7320|50.6,-4.73|none|CLEAR|VISUAL|2","10|0000-0002-7093-7320|50.6,-4.73|none|CLEAR|VISUAL|2",5,0.8063460346093114,-0.1453197479937287,1.882683978444145
"0000-0002-7093-7320|50.6,-4.73|none|CLEAR|VISUAL",2026-08-24,9,10,"9|0000-0002-7093-7320|50.6,-4.73|none|CLEAR|VISUAL|2","10|0000-0002-7093-7320|50.6,-4.73|none|CLEAR|VISUAL|2",7,0.6507285267855116,0.37179866323653643,2.131738041486195
"0000-0002-7093-7320|50.6,-4.73|none|CLEAR|VISUAL",2026-08-31,8,9,"8|0000-0002-7093-7320|50.6,-4.73|none|CLEAR|VISUAL|3","9|0000-0002-7093-7320|50.6,-4.73|none|CLEAR|VISUAL|3",3,-0.2382311355802189,-0.5653941295995928,0.04879918644578218
"0000-0002-7093-7320|50.6,-4.73|none|CLEAR|VISUAL",2026-08-31,8,10,"8|0000-0002-7093-7320|50.6,-4.73|none|CLEAR|VISUAL|3","10|0000-0002-7093-7320|50.6,-4.73|none|CLEAR|VISUAL|3",3,4.073678800038214,3.7816546006531144,4.358516270455673
"0000-0002-7093-7320|50.6,-4.73|none|CLEAR|VISUAL",2026-08-31,9,10,"9|0000-0002-7093-7320|50.6,-4.73|none|CLEAR|VISUAL|3","10|0000-0002-7093-7320|50.6,-4.73|none|CLEAR|VISUAL|3",4,4.097705707954592,3.7328554142073322,4.277896663925867
"0009-0000-3667-6967|38.709,-75.079|none|CLEAR|VISUAL",2026-09-07,9,10,"9|0009-0000-3667-6967|38.709,-75.079|none|CLEAR|VISUAL|0","10|0009-0000-3667-6967|38.709,-75.079|none|CLEAR|VISUAL|0",1,0.8457373310487752,0.8457373310487752,0.8457373310487752
"0009-0000-3667-6967|38.709,-75.079|none|CLEAR|VISUAL",2026-09-08,8,9,"8|0009-0000-3667-6967|38.709,-75.079|none|CLEAR|VISUAL|1","9|0009-0000-3667-6967|38.709,-75.079|none|CLEAR|VISUAL|2",1,-0.6565449766061517,-0.6565449766061517,-0.6565449766061517
"0009-0000-3667-6967|38.709,-75.079|none|CLEAR|VISUAL",2026-09-08,8,10,"8|0009-0000-3667-6967|38.709,-75.079|none|CLEAR|VISUAL|1","10|0009-0000-3667-6967|38.709,-75.079|none|CLEAR|VISUAL|2",1,0.01291418584965598,0.01291418584965598,0.01291418584965598
"0009-0000-3667-6967|38.709,-75.079|none|CLEAR|VISUAL",2026-09-08,9,10,"9|0009-0000-3667-6967|38.709,-75.079|none|CLEAR|VISUAL|2","10|0009-0000-3667-6967|38.709,-75.079|none|CLEAR|VISUAL|2",1,0.6694591624558077,0.6694591624558077,0.6694591624558077
