target,comparator,dates,median,minimum,matches
8,9,2026-08-22|2026-08-23|2026-08-24,-0.3015179045835845,-0.9215126724704055,False
8,9,2026-08-22|2026-08-23|2026-08-31,-0.2890525636375313,-0.9215126724704055,False
8,9,2026-08-22|2026-08-23|2026-09-08,-0.6565449766061517,-0.9215126724704055,False
8,9,2026-08-22|2026-08-24|2026-08-31,-0.3015179045835845,-0.9215126724704055,False
8,9,2026-08-22|2026-08-24|2026-09-08,-0.6565449766061517,-0.9215126724704055,False
8,9,2026-08-22|2026-08-31|2026-09-08,-0.6565449766061517,-0.9215126724704055,False
8,9,2026-08-23|2026-08-24|2026-08-31,-0.2890525636375313,-0.3015179045835845,False
8,9,2026-08-23|2026-08-24|2026-09-08,-0.3015179045835845,-0.6565449766061517,False
8,9,2026-08-23|2026-08-31|2026-09-08,-0.2890525636375313,-0.6565449766061517,False
8,9,2026-08-24|2026-08-31|2026-09-08,-0.3015179045835845,-0.6565449766061517,False
8,10,2026-08-22|2026-08-23|2026-08-24,-0.007623548127723367,-0.06743013197659353,False
8,10,2026-08-22|2026-08-23|2026-08-31,-0.007623548127723367,-0.06743013197659353,False
8,10,2026-08-22|2026-08-23|2026-09-08,-0.007623548127723367,-0.06743013197659353,False
8,10,2026-08-22|2026-08-24|2026-08-31,0.8063460346093114,-0.007623548127723367,False
8,10,2026-08-22|2026-08-24|2026-09-08,0.01291418584965598,-0.007623548127723367,False
8,10,2026-08-22|2026-08-31|2026-09-08,0.01291418584965598,-0.007623548127723367,False
8,10,2026-08-23|2026-08-24|2026-08-31,0.8063460346093114,-0.06743013197659353,False
8,10,2026-08-23|2026-08-24|2026-09-08,0.01291418584965598,-0.06743013197659353,False
8,10,2026-08-23|2026-08-31|2026-09-08,0.01291418584965598,-0.06743013197659353,False
8,10,2026-08-24|2026-08-31|2026-09-08,0.8063460346093114,0.01291418584965598,False
9,8,2026-08-22|2026-08-23|2026-08-24,0.3015179045835845,0.2890525636375313,False
9,8,2026-08-22|2026-08-23|2026-08-31,0.2890525636375313,0.2382311355802189,False
9,8,2026-08-22|2026-08-23|2026-09-08,0.6565449766061517,0.2890525636375313,False
9,8,2026-08-22|2026-08-24|2026-08-31,0.3015179045835845,0.2382311355802189,False
9,8,2026-08-22|2026-08-24|2026-09-08,0.6565449766061517,0.3015179045835845,False
9,8,2026-08-22|2026-08-31|2026-09-08,0.6565449766061517,0.2382311355802189,False
9,8,2026-08-23|2026-08-24|2026-08-31,0.2890525636375313,0.2382311355802189,False
9,8,2026-08-23|2026-08-24|2026-09-08,0.3015179045835845,0.2890525636375313,False
9,8,2026-08-23|2026-08-31|2026-09-08,0.2890525636375313,0.2382311355802189,False
9,8,2026-08-24|2026-08-31|2026-09-08,0.3015179045835845,0.2382311355802189,False
9,10,2026-08-22|2026-08-23|2026-08-24,0.6373810225781603,0.01926784966054984,False
9,10,2026-08-22|2026-08-23|2026-08-31,0.6373810225781603,0.01926784966054984,False
9,10,2026-08-22|2026-08-23|2026-09-07,0.6373810225781603,0.01926784966054984,False
9,10,2026-08-22|2026-08-23|2026-09-08,0.6373810225781603,0.01926784966054984,False
9,10,2026-08-22|2026-08-24|2026-08-31,0.6507285267855116,0.6373810225781603,False
9,10,2026-08-22|2026-08-24|2026-09-07,0.6507285267855116,0.6373810225781603,False
9,10,2026-08-22|2026-08-24|2026-09-08,0.6507285267855116,0.6373810225781603,False
9,10,2026-08-22|2026-08-31|2026-09-07,0.8457373310487752,0.6373810225781603,False
9,10,2026-08-22|2026-08-31|2026-09-08,0.6694591624558077,0.6373810225781603,False
9,10,2026-08-22|2026-09-07|2026-09-08,0.6694591624558077,0.6373810225781603,False
9,10,2026-08-23|2026-08-24|2026-08-31,0.6507285267855116,0.01926784966054984,False
9,10,2026-08-23|2026-08-24|2026-09-07,0.6507285267855116,0.01926784966054984,False
9,10,2026-08-23|2026-08-24|2026-09-08,0.6507285267855116,0.01926784966054984,False
9,10,2026-08-23|2026-08-31|2026-09-07,0.8457373310487752,0.01926784966054984,False
9,10,2026-08-23|2026-08-31|2026-09-08,0.6694591624558077,0.01926784966054984,False
9,10,2026-08-23|2026-09-07|2026-09-08,0.6694591624558077,0.01926784966054984,False
9,10,2026-08-24|2026-08-31|2026-09-07,0.8457373310487752,0.6507285267855116,False
9,10,2026-08-24|2026-08-31|2026-09-08,0.6694591624558077,0.6507285267855116,False
9,10,2026-08-24|2026-09-07|2026-09-08,0.6694591624558077,0.6507285267855116,False
9,10,2026-08-31|2026-09-07|2026-09-08,0.8457373310487752,0.6694591624558077,False
10,8,2026-08-22|2026-08-23|2026-08-24,0.007623548127723367,-0.8063460346093114,False
10,8,2026-08-22|2026-08-23|2026-08-31,0.007623548127723367,-4.073678800038214,False
10,8,2026-08-22|2026-08-23|2026-09-08,0.007623548127723367,-0.01291418584965598,False
10,8,2026-08-22|2026-08-24|2026-08-31,-0.8063460346093114,-4.073678800038214,False
10,8,2026-08-22|2026-08-24|2026-09-08,-0.01291418584965598,-0.8063460346093114,False
10,8,2026-08-22|2026-08-31|2026-09-08,-0.01291418584965598,-4.073678800038214,False
10,8,2026-08-23|2026-08-24|2026-08-31,-0.8063460346093114,-4.073678800038214,False
10,8,2026-08-23|2026-08-24|2026-09-08,-0.01291418584965598,-0.8063460346093114,False
10,8,2026-08-23|2026-08-31|2026-09-08,-0.01291418584965598,-4.073678800038214,False
10,8,2026-08-24|2026-08-31|2026-09-08,-0.8063460346093114,-4.073678800038214,False
10,9,2026-08-22|2026-08-23|2026-08-24,-0.6373810225781603,-0.6507285267855116,False
10,9,2026-08-22|2026-08-23|2026-08-31,-0.6373810225781603,-4.097705707954592,False
10,9,2026-08-22|2026-08-23|2026-09-07,-0.6373810225781603,-0.8457373310487752,False
10,9,2026-08-22|2026-08-23|2026-09-08,-0.6373810225781603,-0.6694591624558077,False
10,9,2026-08-22|2026-08-24|2026-08-31,-0.6507285267855116,-4.097705707954592,False
10,9,2026-08-22|2026-08-24|2026-09-07,-0.6507285267855116,-0.8457373310487752,False
10,9,2026-08-22|2026-08-24|2026-09-08,-0.6507285267855116,-0.6694591624558077,False
10,9,2026-08-22|2026-08-31|2026-09-07,-0.8457373310487752,-4.097705707954592,False
10,9,2026-08-22|2026-08-31|2026-09-08,-0.6694591624558077,-4.097705707954592,False
10,9,2026-08-22|2026-09-07|2026-09-08,-0.6694591624558077,-0.8457373310487752,False
10,9,2026-08-23|2026-08-24|2026-08-31,-0.6507285267855116,-4.097705707954592,False
10,9,2026-08-23|2026-08-24|2026-09-07,-0.6507285267855116,-0.8457373310487752,False
10,9,2026-08-23|2026-08-24|2026-09-08,-0.6507285267855116,-0.6694591624558077,False
10,9,2026-08-23|2026-08-31|2026-09-07,-0.8457373310487752,-4.097705707954592,False
10,9,2026-08-23|2026-08-31|2026-09-08,-0.6694591624558077,-4.097705707954592,False
10,9,2026-08-23|2026-09-07|2026-09-08,-0.6694591624558077,-0.8457373310487752,False
10,9,2026-08-24|2026-08-31|2026-09-07,-0.8457373310487752,-4.097705707954592,False
10,9,2026-08-24|2026-08-31|2026-09-08,-0.6694591624558077,-4.097705707954592,False
10,9,2026-08-24|2026-09-07|2026-09-08,-0.6694591624558077,-0.8457373310487752,False
10,9,2026-08-31|2026-09-07|2026-09-08,-0.8457373310487752,-4.097705707954592,False
