norad,time,comparison,separation_km,radial_km,along_km,cross_km,velocity_difference_m_s
100242,2026-09-25T14:13:46.000,old_epoch,0.4889724808138322,0.017483441429665528,0.4886235979734327,0.0059494346375163765,0.5228403664034501
100242,2026-09-25T17:28:34.541,new_epoch,0.31414745080589374,0.019755889658474385,0.3133991846083259,0.008903749686512141,0.3333320110474435
100242,2026-09-26T00:00:00.000,common_24utc,0.05811033498376683,0.020838464638569077,0.05282718750733596,0.012323054957982929,0.06073389239906142
100242,2026-09-27T00:00:00.000,common_next24utc,0.30522181594325404,0.0034397712489895454,0.3051043019993905,0.00773885023223525,0.34879946551005153
100241,2026-09-25T13:29:19.000,old_epoch,0.23375963319079415,0.003993969160672517,0.23365769951496546,-0.005629722658562514,0.2609966099865265
100241,2026-09-25T17:02:38.086,new_epoch,0.17080840876365194,-0.0007134872307267281,0.17043698839519295,-0.011235498525622015,0.1887586793695164
100241,2026-09-26T00:00:00.000,common_24utc,0.05162796597208317,0.005233745511949021,0.049933140111523056,0.012030639922038192,0.05200293711305402
100241,2026-09-27T00:00:00.000,common_next24utc,0.32334533252123676,0.0054936690820569095,-0.3231317635340528,0.010386869531240267,0.3560927175250206
100240,2026-09-25T13:37:56.000,old_epoch,0.28957791629417096,0.003384572348448786,0.28950513308000314,-0.0055400537562050045,0.3238972162501957
100240,2026-09-25T17:11:43.058,new_epoch,0.20885429845272652,-0.0013532673449872246,0.20859831705802628,-0.010248354513417574,0.22861481214013363
100240,2026-09-26T00:00:00.000,common_24utc,0.06515659794253395,0.005768359045596232,0.06439969025884618,0.008049110754038618,0.06661486957680934
100240,2026-09-27T00:00:00.000,common_next24utc,0.17926628570864547,0.0048923991767102805,-0.17880364508613147,0.011904710243520453,0.19846152059540484
